Phone_Number,first_name,last_name,License_Number
858-948-3439,Padget,Mackilpatrick,1
393-431-4789,Arthur,McAdam,2
438-972-7219,Craggie,Trodd,3
351-754-0920,Alysia,Livingston,4
242-687-7112,Corbie,Ert,5
159-753-2320,Tony,Carwardine,6
640-740-4246,Gabie,Cady,7
700-236-7731,Amabel,Zanolli,8
465-169-0309,Jemimah,Harmes,9
620-173-5467,Brenn,Berwick,10
201-391-2753,Angelika,Manwaring,11
369-552-2944,Freeland,Davitti,12
995-686-4035,Lana,Sartain,13
160-719-8654,Mufinella,Toor,14
150-667-1169,Caroljean,Earey,15
487-924-4141,Vitoria,Lardez,16
420-867-0881,Bucky,Patek,17
180-744-6704,Durant,Dutnall,18
691-204-7964,Zorine,Gifkins,19
339-900-8208,Emmery,Siegertsz,20
782-282-5480,Zena,Gunther,21
801-309-5905,Leshia,Pitone,22
966-647-6468,Pepito,Forrington,23
949-989-9985,Salomone,Penrice,24
965-463-3535,Tori,Rafferty,25
183-820-4160,Ray,Escofier,26
514-324-6541,Wynn,McNirlan,27
685-838-8549,Beitris,Turban,28
788-422-0834,Roderigo,Raison,29
982-361-7721,Clair,Forkan,30
638-666-6635,Belicia,Grzegorczyk,31
368-456-2983,Tonie,Giblett,32
195-187-7829,Benoite,Botham,33
969-253-1801,Benn,Butterworth,34
608-659-6678,Aggy,Taylo,35
976-167-6917,Tanya,Rolling,36
923-103-2702,Shay,Wetherhead,37
743-578-6807,Shadow,O'Nions,38
435-415-6585,Anne,Adamczewski,39
453-126-7430,Bab,Chesson,40
256-217-2941,Seymour,Pollie,41
986-451-0394,Gill,Bettenson,42
912-302-6222,Jess,Jurczak,43
310-363-7078,Donica,Josiah,44
482-509-8753,Olga,Gilbertson,45
643-184-4365,Nico,Willstrop,46
129-103-6635,Elfrida,Brech,47
957-480-0952,Rozele,Lenglet,48
309-926-9402,Ignatius,Spelwood,49
599-865-5466,Powell,Orys,50
555-200-7207,Faydra,Ockwell,51
789-542-1619,Harlin,Grafhom,52
308-107-0800,Patricia,Jozwicki,53
157-537-7047,Bernelle,Spriggin,54
806-491-4742,Wilbur,Smalley,55
550-943-8670,Garek,Tasseler,56
822-592-5001,Hortense,Fiennes,57
601-670-8009,Erasmus,Hansell,58
456-331-5521,Mortie,Kondratovich,59
384-324-8264,Sadye,Holson,60
116-825-1308,Marybeth,Olden,61
637-543-1355,Corabel,Zienkiewicz,62
817-156-4874,Axel,Minghetti,63
267-476-1391,Allys,Geraldez,64
910-503-9820,Luis,Renison,65
983-457-7210,Hill,Beviss,66
143-624-0357,Judas,Hylands,67
164-933-1268,Danyelle,Cappel,68
159-308-4377,Caterina,Scaddon,69
903-543-4472,Cyndi,Coetzee,70
812-559-8642,Starla,Bragg,71
833-446-9044,Craig,Wookey,72
754-951-4751,Kelila,Pittson,73
493-711-0621,Brnaby,Syratt,74
629-836-3920,Melisa,Hulkes,75
466-811-8352,Henri,Wolfendale,76
345-618-9694,Tiertza,Phaup,77
204-417-3276,Hermann,Seifert,78
842-749-5320,Dukie,Neligan,79
321-455-1047,Quintana,Baumer,80
562-752-1082,Dominique,Hobgen,81
825-133-0998,Ursa,Derkes,82
293-226-2526,Madelle,Lydden,83
836-499-9256,Penelopa,Harrell,84
122-194-2524,Dorotea,Nowill,85
279-346-1905,Ida,MacGibbon,86
633-586-5095,Tina,Drayton,87
878-536-8053,Kip,Local,88
461-619-8836,Karola,Rentilll,89
920-859-4373,Vivyan,Lowry,90
353-113-5017,Hettie,Arkell,91
201-317-7004,Blakeley,Escot,92
132-929-1923,Ardra,Lonsbrough,93
640-404-7804,Nathaniel,Dykas,94
524-197-7251,Loralee,Buglar,95
399-866-1777,Netti,Vasiltsov,96
783-464-0114,Gabriella,Grishkov,97
478-114-1770,Jason,Burnet,98
794-674-7451,Teirtza,Goodall,99
662-573-7709,Westley,Mordy,100
932-935-4918,Caterina,Hollows,101
348-974-1776,Clementina,Learie,102
350-923-8753,Skipton,Loosmore,103
445-720-0503,Shanda,Eloi,104
916-369-6632,Giorgio,Gillatt,105
331-938-6946,Roxi,Danilishin,106
744-460-1443,Hulda,Houtbie,107
302-211-2500,Myrilla,Tesche,108
741-127-2028,Wenonah,Linnard,109
839-758-2422,Kris,Butt Gow,110
190-715-6632,Marylynne,Jeayes,111
820-295-8956,Calvin,Di Frisco,112
832-337-7749,Sindee,Goodey,113
779-879-9856,Marcile,Yakobovicz,114
440-592-4111,Adorne,Battie,115
881-536-2271,Phelia,Nurcombe,116
656-919-2054,Lindi,Abry,117
589-194-9388,Fiona,Sarch,118
188-680-0743,Kristoffer,Heiner,119
694-444-7608,Sherie,Ephson,120
194-140-2215,Kelcey,Escale,121
414-951-8883,Aubrie,Dealey,122
264-829-1340,Babette,Gosker,123
448-675-2637,Fiorenze,Riddles,124
118-805-6487,Candra,Flaunders,125
724-717-7884,Allyce,McCue,126
497-744-0493,Carling,Blundin,127
541-451-0792,Ilysa,Hazeldine,128
532-750-3909,Carlotta,Londer,129
407-402-0007,Phineas,Priden,130
415-805-8340,Val,Illston,131
416-259-7491,Ashlee,Arnoud,132
622-177-9573,Gamaliel,Clinning,133
989-531-3308,Immanuel,Pask,134
199-950-3512,Donica,Scollan,135
365-366-3944,Salomon,Christophers,136
330-543-3657,Marchall,Crang,137
165-477-4941,Alix,Neubigin,138
568-657-7095,Justus,Dressel,139
583-986-5377,Anastassia,Morby,140
907-301-5238,Margarette,Durie,141
163-336-4849,Hester,Medgewick,142
374-377-8348,Krissie,Bannester,143
274-563-1694,Pieter,Mogie,144
785-858-0442,Lorie,Sandiford,145
813-558-1060,Charin,Kalinowsky,146
238-275-7135,Flory,Edrich,147
968-220-1813,Sam,Bedbury,148
800-659-8905,Sandor,Bierling,149
637-300-4859,Howie,Adamthwaite,150
238-166-0474,Monti,Walkinshaw,151
856-939-2238,Carlyle,Muzzall,152
877-506-5463,Florenza,Gladdolph,153
468-842-0701,Jodie,Girod,154
946-309-4849,Jonis,Marsay,155
870-883-2143,Courtnay,Ballchin,156
232-387-2426,Gaylord,Dennerley,157
794-912-8461,Danny,Yakov,158
359-482-5185,Artair,Gabe,159
925-601-1308,Galen,Bampton,160
648-306-1750,Obie,Rhule,161
508-729-8593,Merrily,Snodin,162
719-550-5059,Leena,Bugbird,163
720-496-2095,Coriss,Conrart,164
110-411-0763,Valentin,Bearward,165
872-874-9315,Leeland,Baxter,166
776-152-9963,Raeann,Calway,167
879-180-5803,Midge,Chesnut,168
271-761-5148,Quinton,Tomsen,169
167-766-4511,Saraann,MacTimpany,170
426-718-9369,Lizabeth,Cowlard,171
869-345-3228,Quinn,Jachtym,172
867-277-8121,Mair,Payler,173
355-470-5569,Maurise,De Caville,174
993-847-9693,Ula,Pennells,175
579-470-1355,Rosette,Wreak,176
143-539-7409,Jeannine,Becken,177
542-518-6066,Raychel,Dizlie,178
542-405-3511,Coral,Ciccone,179
292-549-9653,Brigit,Matveichev,180
902-618-3372,Amalia,Hale,181
524-387-5425,Gilburt,deKnevet,182
646-453-9216,Gerard,Docksey,183
396-180-9157,Monti,Bernath,184
137-685-4319,Ramona,Le Borgne,185
707-642-8775,Erin,Spaughton,186
740-427-7166,Silva,Eathorne,187
892-482-0971,Patti,Dur,188
671-940-2130,Georgianne,Wyard,189
732-880-2024,Hyacinthe,Serjeantson,190
984-309-4376,Briney,Tchir,191
444-480-4801,Alexis,Peinke,192
255-375-5294,Annnora,Orr,193
993-997-8861,Raffaello,Thorogood,194
819-804-0555,Tremain,Malloy,195
552-385-9862,Tate,Foulds,196
283-925-0664,Else,Gladdin,197
863-572-6158,Korie,Maypowder,198
247-627-8741,Camey,Pynner,199
724-682-5825,Kain,Seeks,200
378-921-4009,Kellen,Mellon,201
151-644-6352,Keary,Rennles,202
407-496-6524,Penni,Dolby,203
226-702-0691,Asher,Parkins,204
672-566-8550,Jackie,Speirs,205
892-459-9514,Shermy,Cumes,206
838-194-2041,Marven,Paulin,207
921-457-8727,Nanon,O'Crowley,208
628-701-1555,Corliss,Goodale,209
611-268-1608,Rudyard,Maxwale,210
335-176-6111,Maxim,Von Der Empten,211
760-671-7920,Maddie,Avery,212
656-985-9129,Liliane,Brooks,213
771-341-6106,Donovan,Gianulli,214
239-585-9811,Giovanni,Whitehouse,215
267-454-3054,Hilarius,Lapre,216
541-380-8237,Taffy,Rydeard,217
418-958-8410,Montague,Adelman,218
952-349-7933,Billy,Peagram,219
385-555-9424,Alanna,Klammt,220
511-762-8573,Gerald,Braunfeld,221
653-808-1134,Ina,Firle,222
798-320-8060,Sondra,Tickner,223
967-631-9520,Pia,Hawtin,224
785-470-9674,Chan,Ellesmere,225
722-593-2453,Brandyn,Scottesmoor,226
381-726-6637,Cornell,Cusiter,227
768-391-5462,Leesa,Dumbrill,228
624-211-7988,Manny,Sokale,229
372-875-1645,Robby,Rubinek,230
667-882-3654,Heinrick,Vanni,231
205-731-2912,Wyn,Garaghan,232
409-156-6226,Katharine,Gardiner,233
506-617-4555,Frasco,Rispin,234
659-528-4240,Karoly,Lanbertoni,235
915-501-4603,Kendricks,Mantle,236
114-710-8295,Jolene,Hawkyens,237
883-246-4731,Elayne,Doherty,238
505-720-9394,Barry,Pennigar,239
920-733-7180,Teressa,Matyas,240
608-914-9411,Evan,Christoffels,241
658-620-6795,Ninnetta,Stoak,242
400-650-2178,Daisie,Bachs,243
913-791-0494,Alysa,Connold,244
512-493-0917,Gae,Streight,245
910-700-6607,Arielle,Surfleet,246
601-729-3765,Bobbie,Klimentyonok,247
982-422-7590,Nisse,Slowley,248
431-400-0460,Maximilien,Anfonsi,249
437-326-5602,Sloan,Collihole,250
582-340-5676,Benita,Bosworth,251
953-905-6206,Roxie,Crannell,252
111-945-7419,Germaine,Dayley,253
708-685-3839,Merralee,Beamand,254
349-916-5709,Ingram,Kerss,255
926-984-4481,Stepha,Prigg,256
861-251-3769,Conroy,Malone,257
321-920-4635,Livvy,Woodroofe,258
888-405-4486,Pippo,Jordanson,259
106-795-4236,Arleta,Whitlam,260
500-346-9496,Rogers,Baus,261
574-170-6999,Dianna,Ilchenko,262
856-523-6546,Tarrance,Moxted,263
463-509-0688,Amandy,Peasey,264
749-948-7409,Shandy,Yitzovitz,265
881-267-1022,Madge,Guerola,266
587-887-7179,Ailina,Ravenscroftt,267
751-805-7310,Debby,Sprigging,268
509-235-2247,Gilda,Campa,269
201-978-6655,Yorgos,Frisby,270
272-274-9474,Melony,Godspeede,271
931-420-3095,Lulu,Jonsson,272
592-838-3544,Carly,Badman,273
717-511-8864,Pauly,Ajean,274
175-863-2790,Zebedee,Mansford,275
262-130-7543,Georgia,Lark,276
228-625-4689,Claudio,Zemler,277
764-391-7674,Hew,Wederell,278
394-928-5108,Trip,Baysting,279
388-286-0864,Marley,Bodham,280
296-662-8622,Lilllie,Maypowder,281
912-431-3923,Grayce,Seiler,282
682-277-5541,Norton,Sokill,283
494-607-1424,Irving,Maltster,284
300-355-5886,Job,Tacon,285
247-677-2976,Marchall,Dann,286
643-237-2600,Cal,Sauvain,287
949-585-5751,Dyan,Kentwell,288
810-671-7489,Carolina,Greep,289
685-320-1462,Dorolisa,Franc,290
638-851-7426,Fernandina,Broyd,291
183-803-5042,Shane,Grent,292
401-720-0137,Barby,Hamsley,293
857-595-9717,Tabina,Philippsohn,294
492-912-8105,Gavan,Cormack,295
400-810-4647,Darline,Bonham,296
347-471-5912,Elisabetta,Maunders,297
441-142-8148,Loraine,Freathy,298
661-994-1440,Harald,Simonassi,299
710-856-6382,Alvinia,Russell,300
926-636-0763,Armand,Kleisle,301
556-227-4768,Roberta,Sacco,302
320-413-6302,Hermine,Pyett,303
377-172-6382,Myrle,Cohan,304
289-455-4907,Kingsly,Softley,305
699-945-2788,Randy,Pardy,306
469-422-7497,Redd,Leyman,307
163-280-0818,Libbie,Laflin,308
828-958-6465,Elysee,Bolstridge,309
623-515-7790,Correy,Felgat,310
775-272-7573,Francisca,Beeken,311
203-768-5199,Gilemette,Bygreaves,312
901-312-8727,Ailene,Ormston,313
484-394-0493,Rosalyn,Gordon,314
548-760-0874,Humphrey,Deavall,315
602-636-5688,Quintin,Patnelli,316
483-967-5862,Fraze,Sconce,317
828-647-6451,Chaddy,Fedynski,318
230-581-1366,Keir,Dedman,319
793-959-4626,Mariellen,Slott,320
361-497-1956,Benjy,Wyon,321
656-967-3197,Catherin,Decroix,322
986-402-6266,Panchito,Dell Casa,323
775-858-5786,Ansell,Gasparro,324
777-141-6441,Benjamin,Ferenczi,325
876-342-8500,Andriette,Johnstone,326
115-567-5293,Petronella,Giovannardi,327
219-191-4534,Hayley,Garroway,328
775-759-7728,Kiele,Hubbins,329
575-271-1683,Gaye,Eatttok,330
443-683-2152,Cindra,Cauley,331
401-740-7051,Jud,Lofting,332
127-510-6171,Izzy,Ferneley,333
524-184-9585,Ahmad,Jonah,334
305-135-3993,Ruthanne,Papps,335
142-631-3671,Farica,Cardillo,336
134-133-8806,Fan,Leinthall,337
498-315-0397,Marve,Bullick,338
482-691-5140,Beverley,Oxenham,339
537-811-2490,Adrian,Mogra,340
720-540-4528,Martguerita,Bayles,341
790-722-1332,Wendie,Kilford,342
900-281-6878,Katlin,Beauchop,343
856-587-4049,Beltran,Strelitzer,344
844-433-8246,Allayne,Woodyear,345
392-103-7775,Jodee,Brailsford,346
228-364-5291,Jard,Pittam,347
620-207-7402,Halimeda,Peachey,348
874-873-1232,Myrilla,Buckam,349
646-502-5199,Lorine,Praten,350
201-722-7923,Evelyn,Lanon,351
552-595-0525,Adrian,Harby,352
884-688-7392,Ainslie,Picopp,353
150-521-8031,Goldie,Gozney,354
520-575-2128,Clarke,Tuberfield,355
431-216-1109,Perren,Grishukov,356
385-639-0190,Hynda,Nolli,357
950-980-0299,Whit,Basler,358
286-734-0025,Ulberto,Tingey,359
675-897-1386,Randene,Hemphall,360
506-383-4226,Amanda,Godehard.sf,361
515-990-9769,Annaliese,Rowan,362
746-327-1901,Nathanial,Lavies,363
646-538-7403,Frederica,Case,364
724-556-9387,Beaufort,Deex,365
662-262-0598,Katusha,Asple,366
907-117-9727,Joachim,De Caroli,367
808-393-8050,Trevor,Stickells,368
598-265-5467,Kimball,Alfonsetto,369
734-164-0863,Clark,Phin,370
465-143-4378,Parker,Godley,371
306-190-4488,Demetria,Smidmor,372
420-713-3744,Clarence,Kurten,373
346-480-8652,Joshua,Rumble,374
253-356-0104,Raphaela,Troker,375
279-351-5924,Worthington,Clemmitt,376
579-620-0560,Mead,Ghidini,377
474-843-4740,Emyle,Della,378
403-593-6469,Willem,Loughrey,379
227-735-8060,Moises,Albon,380
383-720-9361,Griffin,Edelman,381
906-446-6894,Alexandro,Byk,382
208-658-7660,Phebe,Mirralls,383
903-408-6237,Patricia,Bertwistle,384
359-522-4977,Klarrisa,Buzzing,385
936-840-5244,Matt,Saggs,386
392-477-9042,Rosalinde,Fencott,387
884-674-9316,Matthias,Hughesdon,388
185-610-6911,Hubey,Leblanc,389
938-193-5103,Jo ann,Cajkler,390
297-500-9796,Betteanne,Gorman,391
264-368-0739,Richmond,Gyles,392
148-124-5273,Jillane,Whilder,393
936-963-2167,Bartlet,Roycroft,394
351-877-1538,Teddie,Myton,395
846-306-2619,Charlena,Bandey,396
902-550-9052,Tam,Croyser,397
555-241-5621,Yvon,Kenefick,398
743-114-4694,Kissie,Dayce,399
871-353-4093,Morry,Formilli,400
659-335-9852,Gabriela,Poppy,401
644-513-3308,Tucker,St Leger,402
116-712-8389,Gale,Pfeuffer,403
367-652-8320,Eleanor,Wavell,404
541-594-5948,Felike,Blodgett,405
654-261-2488,Towny,Cattanach,406
184-943-0028,Harri,Vasichev,407
168-350-8917,Aubrey,Chesher,408
205-624-1352,Clayton,Parade,409
744-376-6813,Birgit,Siman,410
117-690-9191,Barney,Tunna,411
231-837-7408,Tracey,Ledrane,412
812-109-9374,Queenie,Coffin,413
370-988-8571,Horatius,Freda,414
810-635-6062,Roscoe,Geere,415
161-845-6724,Roderic,Hamlington,416
122-242-5918,Jacky,Currm,417
607-529-1070,Naomi,Battie,418
543-439-5289,Mick,Crumbleholme,419
639-425-0067,Janina,Quiddington,420
573-568-0575,Earl,Hourston,421
158-315-2078,Dur,Wasiela,422
407-617-3513,Clemmie,Dandison,423
479-944-5899,Nicoline,Mereweather,424
856-939-7580,Goraud,Down,425
120-625-6905,Cody,Haggata,426
246-297-2363,Thia,Margaret,427
315-434-0878,Nalani,Gamage,428
190-465-2154,Jenni,Thickins,429
901-439-6769,Erminie,Giacobo,430
110-250-6931,Almeta,Walworche,431
311-713-0936,Ferris,Mustoo,432
683-194-3425,Harriott,Cristofvao,433
829-974-6075,Jane,L'argent,434
146-940-9083,Thatcher,Thonason,435
847-171-2177,Waite,Voase,436
598-384-3037,Bryn,Boldero,437
447-159-3238,Valentin,Rainbow,438
324-875-5610,Livy,Adamczyk,439
893-450-6176,Benson,Coy,440
517-519-7593,Bettine,Cleve,441
483-709-4601,Maggy,McDaid,442
650-770-0755,Jimmie,Gluyas,443
615-848-5511,Shane,Balint,444
665-969-7717,Leyla,Seely,445
619-328-3018,Andromache,Walczak,446
217-422-7920,Aindrea,O'Flynn,447
735-395-2250,Brinna,Somerton,448
821-167-2834,Caressa,Goulstone,449
741-340-2893,Reeta,Fairpo,450
680-192-7824,Veronique,Hallum,451
507-954-0629,Sonja,Ebsworth,452
583-101-3909,Eustace,Prickett,453
852-209-7366,Julianna,Crann,454
160-450-8816,Stephannie,Fawley,455
340-944-5152,Jillene,Posselwhite,456
219-596-9800,Ileane,Lympany,457
350-661-6671,Cami,McCambrois,458
428-286-0845,Lyndy,Vaszoly,459
122-344-0334,Dyanna,O'Flaherty,460
160-104-6031,Sherie,Mathe,461
426-676-5819,Hy,Feldhuhn,462
677-984-3085,Cathy,Stothard,463
512-503-4319,Merle,Tulk,464
734-398-6525,Neils,Scrowson,465
437-901-1356,Tabbi,Winyard,466
311-199-0500,Saw,Cardwell,467
875-633-3458,Laura,McGougan,468
345-464-8603,Renie,Eastlake,469
840-514-9221,Aviva,Rannigan,470
546-970-6072,Malinda,Fernanando,471
299-829-9111,Anissa,Godbehere,472
664-539-1952,Debera,Halloway,473
870-272-6156,Reena,Parramore,474
716-355-2445,Torie,Busek,475
757-817-9516,Nicolis,Brymham,476
639-963-2344,Aguie,Pankethman,477
556-654-9148,Dulcie,Byham,478
713-556-3016,Padriac,Alldritt,479
500-192-2619,Coop,Yerby,480
742-989-1982,Janaye,Rate,481
604-447-3199,Quentin,Readett,482
559-517-7489,Marielle,Webley,483
238-105-4060,Dorree,Crouse,484
455-290-0112,Nerita,Morilla,485
298-576-0058,Dorise,Beange,486
699-964-6992,Kizzee,Puttergill,487
344-527-0140,Adolpho,Preist,488
963-473-6680,Ermengarde,Bellison,489
419-965-9510,Poppy,Cratere,490
210-958-0630,Briant,Branton,491
282-604-1124,Celestina,Bartolomeu,492
960-878-8183,Harbert,Matevushev,493
549-824-3013,Wynne,Folger,494
158-284-8235,Jennie,Chillistone,495
361-310-7312,Timmi,Seydlitz,496
901-168-9492,Carleen,Eden,497
673-893-1656,Conney,Curedale,498
241-777-6881,Karyl,Lotte,499
721-166-4675,Valentijn,Dewen,500
